Date,Open,High,Low,Close,Volume,Adj Close,I,j,RSV,K,D,J,KDJ_s,X,A,B,RSI,RSI_s,F,FI,FI_s,EMA,EMA_s,close_s,signal,price,buy,sell,profit
2015-01-28,22.04,32.01,22.04,32.01,32900,15.847,,,,50.0,50.0,0.0,0.0,-19.373,0.0,0.0,0.0,0.0,-426.98092,0.0,0.0,0.0,0.0,0.0,0.0,15.847,0.0,0.0,0.0
2015-02-02,35.21,51.0,35.21,42.17,2069400,20.877,,,,50.0,50.0,0.0,0.0,5.03,0.0,0.0,0.0,0.0,177.1063,0.0,0.0,0.0,0.0,1.0,0.0,20.877,0.0,0.0,0.0
2015-02-09,37.95,38.3,34.37,35.94,7392200,17.793,,,,50.0,50.0,0.0,0.0,-3.084,0.0,0.0,0.0,0.0,-105.99708,0.0,0.0,0.0,0.0,0.0,0.0,17.793,0.0,0.0,0.0
2015-02-16,35.94,36.0,35.28,35.91,1454500,17.778,,,,50.0,50.0,0.0,0.0,-0.015,0.0,0.0,0.0,0.0,-0.5292,0.0,0.0,0.0,0.0,0.0,0.0,17.778,0.0,0.0,0.0
2015-02-23,35.91,36.35,35.13,36.24,1911100,17.941,,,,50.0,50.0,0.0,0.0,0.163,0.0,0.0,0.0,0.0,5.72619,0.0,0.0,14.459,1.0,1.0,0.0,17.941,0.0,0.0,0.0
2015-03-02,36.28,37.62,35.57,35.64,4392600,17.644,-4.396,28.96,-15.179558011,28.273480663,42.7578268877,-0.695211786372,0.0,-0.297,5.193,-22.472,18.7710103018,1.0,-10.56429,0.29603,1.0,15.5206666667,1.0,0.0,0.0,17.644,0.0,0.0,0.0
2015-03-09,35.26,36.45,34.65,36.27,2767700,17.956,-16.414,16.63,-98.7011425135,-14.0513937292,23.8214200154,-89.7970212183,0.0,0.312,5.193,-3.396,60.4610548376,1.0,10.8108,-3.43926,0.0,16.3324444444,1.0,1.0,0.0,17.956,0.0,0.0,0.0
2015-03-16,36.7,40.35,36.7,39.62,5746900,19.615,-14.755,3.93,-375.445292621,-134.516026693,-28.9577288874,-345.632622304,0.0,1.659,0.475,-3.396,12.2707310772,0.0,60.8853,27.5023,1.0,17.4266296296,1.0,1.0,0.0,19.615,0.0,0.0,0.0
2015-03-23,39.61,50.5,39.39,45.66,6742300,22.605,-12.045,5.7,-211.315789474,-160.11594762,-72.6771351316,-334.993572597,1.0,2.99,2.134,-0.312,87.244480785,1.0,117.7761,79.8489,1.0,19.1527530864,1.0,1.0,1.0,22.605,22.605,0.0,0.0
2015-03-30,45.3,49.62,43.23,48.08,4615000,23.803,-10.847,15.85,-68.4353312303,-129.555742157,-91.6366708066,-205.393884857,1.0,1.198,5.124,-0.297,94.5213060321,1.0,51.78954,95.78058,1.0,20.7028353909,1.0,1.0,0.0,23.803,0.0,0.0,0.0
2015-04-06,48.08,55.0,48.03,52.07,4702800,25.778,-8.872,15.85,-55.9747634069,-105.02874924,-96.1006969511,-122.884853818,1.0,1.975,6.159,-0.297,95.3996282528,1.0,94.85925,66.14611,0.0,22.3945569273,1.0,1.0,0.0,25.778,0.0,0.0,0.0
2015-04-13,52.9,55.77,47.51,50.23,3995900,24.867,-9.783,20.35,-48.0737100737,-86.0437361847,-92.7483766956,-72.6344551627,1.0,-0.911,8.134,0.0,100.0,1.0,-43.28161,48.8122966667,0.0,23.2187046182,1.0,0.0,0.0,24.867,0.0,0.0,0.0
2015-04-20,50.0,50.99,46.6,48.69,3282800,24.105,-12.595,19.07,-66.0461457787,-79.377872716,-88.2915420358,-61.5505340765,1.0,-0.762,7.822,-0.911,89.5683041337,0.0,-35.5092,-40.6908066667,0.0,23.5141364121,1.0,0.0,0.0,24.105,0.0,0.0,0.0
2015-04-27,48.75,51.58,47.53,50.57,2355600,25.036,-14.354,16.38,-87.6312576313,-82.1290010211,-86.2373616975,-73.9122796682,0.0,0.931,6.163,-1.673,78.6498213374,0.0,44.25043,-8.92265666667,1.0,24.0214242748,1.0,1.0,0.0,25.036,0.0,0.0,0.0
2015-05-04,50.42,58.88,48.55,58.72,5586700,29.07,-14.16,12.54,-112.918660287,-92.3922207764,-88.2889813905,-100.598699548,0.0,4.034,4.104,-1.673,71.0403323524,0.0,195.8507,94.7838533333,1.0,25.7042828498,1.0,1.0,0.0,29.07,0.0,0.0,0.0
2015-05-11,59.29,66.5,58.11,65.45,5928400,32.402,-14.198,12.28,-115.618892508,-100.134444687,-92.237469156,-115.928395749,0.0,3.332,6.94,-1.673,80.5758736793,1.0,193.62252,195.107973333,1.0,27.9368552332,1.0,1.0,0.0,32.402,0.0,0.0,0.0
2015-05-18,64.81,86.58,64.3,86.04,4943300,42.596,-4.004,19.9,-20.1206030151,-73.4631641297,-85.9793674806,-48.4307574279,1.0,10.194,8.297,-1.673,83.2196589769,1.0,655.4742,347.57308,1.0,32.8232368221,1.0,1.0,0.0,42.596,0.0,0.0,0.0
2015-05-25,85.0,116.61,46.45,55.47,8282100,55.47,8.87,39.98,22.1860930465,-41.5800784043,-71.1796044551,17.6189736974,1.0,12.874,18.491,-0.762,96.0421752454,1.0,597.9973,636.315233333,1.0,40.3721578814,1.0,1.0,0.0,55.47,0.0,0.0,0.0
2015-06-01,54.66,57.0,47.41,52.08,9045600,52.08,5.63,70.16,8.02451539339,-25.0452138051,-55.8014742384,36.4673070617,1.0,-3.39,31.365,0.0,100.0,1.0,-160.7199,345.091566667,0.0,44.274771921,1.0,0.0,0.0,52.08,0.0,0.0,0.0
2015-06-08,51.2,51.2,44.01,48.77,4402900,48.77,2.32,70.16,3.30672748005,-15.59456671,-42.399171729,38.0146433279,1.0,-3.31,30.434,-3.39,89.9775307474,0.0,-145.6731,-155.7043,0.0,45.7731812806,1.0,0.0,0.0,48.77,0.0,0.0,0.0
2015-06-15,48.8,48.8,33.66,33.66,3551500,33.66,-10.35,72.6,-14.2561983471,-15.1484439224,-33.3155957934,21.1858598197,0.0,-15.11,26.4,-6.7,79.7583081571,0.0,-508.6026,-266.6496,0.0,41.7354541871,0.0,0.0,-1.0,33.66,0.0,33.66,0.489051094891
2015-06-22,33.66,37.03,30.47,30.47,2448400,30.47,-3.19,82.95,-3.8456901748,-11.3808593399,-26.0040169756,17.8654559316,0.0,-3.19,23.068,-21.81,51.4015776104,0.0,-97.1993,-371.468166667,0.0,37.9803027914,0.0,0.0,0.0,30.47,0.0,0.0,0.0
2015-06-29,31.46,31.49,22.7,24.16,3827200,24.16,-6.31,86.14,-7.32528442071,-10.0290010335,-20.6790116615,11.2710202227,0.0,-6.31,12.874,-25.0,33.9916565454,0.0,-143.237,-112.5452,1.0,33.3735351943,0.0,0.0,0.0,24.16,0.0,0.0,0.0
2015-07-06,26.58,26.58,22.5,22.64,1484700,22.64,-0.06,34.3,-0.174927113703,-6.74430972688,-16.0341110167,11.8352928527,1.0,-1.52,0.0,-31.31,0.0,0.0,-34.2,-106.891333333,1.0,29.7956901295,0.0,0.0,0.0,22.64,0.0,0.0,0.0
2015-07-13,24.9,30.59,24.9,30.17,3868400,30.17,7.67,28.7,26.724738676,4.41203974073,-9.21872743086,31.6735740839,1.0,7.53,0.0,-29.44,0.0,0.0,187.497,39.699,1.0,29.9204600863,1.0,1.0,0.0,30.17,0.0,0.0,0.0
2015-07-20,30.09,37.97,29.5,36.05,5145000,36.05,13.55,26.3,51.5209125475,20.114997343,0.55918082709,59.2266303748,1.0,5.88,7.53,-26.13,22.3707664884,1.0,173.46,182.818,1.0,31.9636400576,1.0,1.0,1.0,36.05,36.05,0.0,0.0
2015-07-27,35.0,37.6,28.9,32.48,3758500,32.48,9.98,15.47,64.5119586296,34.9139844385,12.0107820309,80.7203892538,1.0,-3.57,13.41,-11.02,54.8915268113,1.0,-103.173,81.249,0.0,32.1357600384,1.0,0.0,0.0,32.48,0.0,0.0,0.0
2015-08-03,32.0,32.29,29.29,30.24,2392600,30.24,7.74,15.47,50.0323206206,39.9534298325,21.3249979648,77.2102935681,0.0,-2.24,13.41,-11.4,54.0507859734,0.0,-65.6096,-90.6518666667,0.0,31.5038400256,0.0,0.0,-1.0,30.24,0.0,30.24,-0.161165048544
2015-08-10,30.5,33.0,30.3,31.83,3647800,31.83,9.33,15.47,60.3102779573,46.7390458741,29.7963472679,80.6244430866,1.0,1.59,13.41,-7.33,64.6576663452,1.0,48.177,-27.6807333333,1.0,31.6125600171,1.0,1.0,1.0,31.83,31.83,0.0,0.0
2015-08-17,31.75,31.78,25.5,25.64,2251000,25.64,0.74,13.07,5.66182096404,33.0466375708,30.8797773689,37.3803579746,0.0,-6.19,15.0,-5.81,72.0807304181,1.0,-157.845,-20.497,1.0,29.621706678,0.0,0.0,0.0,25.64,0.0,0.0,0.0
2015-08-24,24.93,24.93,18.7,21.73,2509500,21.73,-3.77,12.47,-30.2325581395,11.953572334,24.5710423572,-13.2813677125,0.0,-3.91,7.47,-12.0,38.3667180277,0.0,-73.117,-129.602333333,0.0,26.9911377854,0.0,0.0,-1.0,21.73,0.0,21.73,-0.317310713164
2015-08-31,21.49,22.23,17.94,18.29,1413600,18.29,-0.41,18.9,-2.16931216931,7.24594416623,18.7960096269,-15.8541867551,0.0,-3.44,1.59,-15.91,9.08571428571,0.0,-61.7136,-69.3158666667,1.0,24.0907585236,0.0,0.0,0.0,18.29,0.0,0.0,0.0
2015-09-07,19.0,26.69,18.5,26.67,4168400,26.67,8.73,15.06,57.96812749,24.1533386075,20.5817859538,31.296443915,1.0,8.38,1.59,-15.78,9.15371329879,1.0,155.03,10.5342666667,1.0,24.9505056824,1.0,1.0,1.0,26.67,26.67,0.0,0.0
2015-09-14,26.7,27.98,20.42,21.43,6741600,21.43,3.49,15.06,23.1739707835,23.8268826662,21.6634848579,28.1536782827,0.0,-5.24,9.97,-13.54,42.4074861761,1.0,-107.0008,67.6864,1.0,23.7770037883,0.0,0.0,0.0,21.43,0.0,0.0,0.0
2015-09-21,21.19,23.3,20.7,22.92,4287200,22.92,4.98,13.84,35.9826589595,27.8788080973,23.735259271,36.1659057498,1.0,1.49,8.38,-18.78,30.854197349,0.0,30.843,-61.0528666667,0.0,23.4913358588,0.0,1.0,0.0,22.92,0.0,0.0,0.0
2015-09-28,23.0,24.96,22.4,22.63,2856200,22.63,4.69,10.04,46.7131474104,34.1569212017,27.2091465812,48.0524704425,1.0,-0.29,9.87,-12.59,43.9447907391,1.0,-6.496,18.3966666667,1.0,23.2042239059,0.0,0.0,0.0,22.63,0.0,0.0,0.0
2015-10-05,22.63,23.87,22.63,23.69,1543100,23.69,5.75,10.04,57.2709163347,41.861586246,32.0932931362,61.3981724657,1.0,1.06,9.87,-8.97,52.3885350318,1.0,23.9878,3.66526666667,0.0,23.3661492706,1.0,1.0,0.0,23.69,0.0,0.0,0.0
2015-10-12,23.78,28.1,23.65,27.81,5838700,27.81,9.31,9.48,98.2067510549,60.6433078489,41.6099647071,98.7099941327,1.0,4.12,10.93,-5.53,66.4034021871,1.0,97.438,48.4712,1.0,24.8474328471,1.0,1.0,0.0,27.81,0.0,0.0,0.0
2015-10-19,28.05,28.91,24.4,26.68,4457100,26.68,6.26,7.68,81.5104166667,67.5990107882,50.2729800675,102.25107223,1.0,-1.13,6.67,-5.53,54.6721311475,0.0,-27.572,55.768,1.0,25.4582885647,1.0,0.0,0.0,26.68,0.0,0.0,0.0
2015-10-26,27.0,27.6,25.5,26.28,2848600,26.28,5.58,8.21,67.9658952497,67.7213056087,56.0890885812,90.9857396637,0.0,-0.4,6.67,-1.42,82.4474660074,1.0,-10.2,-21.7813333333,0.0,25.7321923765,1.0,0.0,0.0,26.28,0.0,0.0,0.0
2015-11-02,25.56,32.0,25.2,30.94,6149500,30.94,8.54,6.51,131.182795699,88.8751356388,67.0177709337,132.589865049,1.0,4.66,5.18,-1.82,74.0,0.0,117.432,32.344,1.0,27.468128251,1.0,1.0,0.0,30.94,0.0,0.0,0.0
2015-11-09,30.66,37.7,30.0,35.15,7137800,35.15,12.52,9.37,133.617929562,103.78940028,79.2749807158,152.818239408,1.0,4.21,9.84,-1.53,86.5435356201,1.0,126.3,120.388,1.0,30.0287521673,1.0,1.0,0.0,35.15,0.0,0.0,0.0
2015-11-16,34.01,37.37,32.16,35.73,4807700,35.73,12.08,14.05,85.9786476868,97.8524827489,85.4674813935,122.62248546,0.0,0.58,12.99,-1.53,89.4628099174,1.0,18.6528,90.4176,0.0,31.9291681115,1.0,1.0,0.0,35.73,0.0,0.0,0.0
2015-11-23,35.73,37.0,32.88,33.34,3988100,33.34,8.94,13.3,67.2180451128,87.6410035369,86.1919887746,90.5390330614,0.0,-2.39,9.45,-1.53,86.0655737705,0.0,-78.5832,-13.7592,0.0,32.3994454077,1.0,0.0,0.0,33.34,0.0,0.0,0.0
2015-11-30,33.01,33.78,30.08,32.65,3024400,32.65,7.45,12.5,59.6,78.2940023579,83.5593266357,67.7633538023,0.0,-0.69,9.45,-2.79,77.2058823529,0.0,-20.7552,-59.3072,0.0,32.4829636051,1.0,0.0,0.0,32.65,0.0,0.0,0.0
2015-12-07,32.41,36.25,32.0,32.0,3237200,32.0,6.8,12.5,54.4,70.3293349053,79.1493293923,52.6893459313,0.0,-0.65,9.45,-3.08,75.4189944134,0.0,-20.8,-20.7701333333,1.0,32.3219757368,0.0,0.0,0.0,32.0,0.0,0.0,0.0
2015-12-14,31.2,35.55,31.01,35.05,3148200,35.05,5.05,7.7,65.5844155844,68.7476951317,75.6821179721,54.8788494509,1.0,3.05,4.79,-3.73,56.220657277,0.0,94.5805,17.6601666667,1.0,33.2313171578,1.0,1.0,0.0,35.05,0.0,0.0,0.0
2015-12-21,35.05,36.5,33.15,34.09,3069100,34.09,4.01,7.29,55.0068587106,64.1674163246,71.8438840896,48.8144807947,0.0,-0.96,3.63,-3.73,49.3206521739,0.0,-31.824,52.4456666667,1.0,33.5175447719,1.0,0.0,0.0,34.09,0.0,0.0,0.0
2015-12-28,37.28,42.38,37.03,38.94,6972500,38.94,8.86,6.92,128.034682081,85.4565049101,76.3814243631,103.606666004,1.0,4.85,3.05,-4.69,39.4056847545,0.0,179.5955,38.6491666667,0.0,35.3250298479,1.0,1.0,0.0,38.94,0.0,0.0,0.0
2016-01-04,38.0,38.94,31.56,35.22,3321400,35.22,5.14,12.3,41.7886178862,70.9005425688,74.554463765,63.5927001764,0.0,-3.72,7.9,-2.3,77.4509803922,1.0,-117.4032,80.5959333333,1.0,35.2900198986,0.0,0.0,0.0,35.22,0.0,0.0,0.0
